id,name,email,credit card number,credit card type
1,Rodi Lotze,rlotze0@netlog.com,,china-unionpay
2,Vachel Waistell,vwaistell1@answers.com,,diners-club-international
3,Mikey Buttrick,mbuttrick2@narod.ru,589366316842743981,maestro
4,,mking3@networkadvertising.org,3539133178799873,jcb
5,Beverie Ternott,bternott4@rakuten.co.jp,3528122067307396,jcb
6,Adan Spain-Gower,aspaingower5@diigo.com,3552301123264739,jcb
7,Julius Isworth,jisworth6@sogou.com,5002353708913397,mastercard
8,Lurette Dalli,ldalli7@dropbox.com,3552100530171127,jcb
9,Chic Skeldinge,cskeldinge8@bigcartel.com,3567576059192755,jcb
10,Meir Meneer,mmeneer9@hexun.com,3574817615535363,jcb
11,Elyn Colegate,ecolegatea@goo.ne.jp,50206502995132042,maestro
12,Orly Briar,obriarb@latimes.com,5602251431404060,bankcard
13,Brittni Killock,bkillockc@slideshare.net,677155599119267838,laser
14,,parnaldyd@statcounter.com,491149540350579114,switch
15,Vittoria Ranald,vranalde@cnet.com,4259579930361,visa
16,Dex Mannin,dmanninf@craigslist.org,,visa-electron
17,Erwin Godding,egoddingg@comsenz.com,3565750204225909,jcb
18,Stearn Careless,scarelessh@craigslist.org,337941956429509,americanexpress
19,,shempshalli@de.vu,50184626039080705,maestro
20,Viole Ridder,vridderj@kickstarter.com,501810096942627147,maestro
21,Bernie Bullard,bbullardk@admin.ch,503898730512503129,maestro
22,Sophey Hynde,shyndel@hp.com,,jcb
23,Emilio MacLachlan,emaclachlanm@soup.io,6331102502363316865,switch
24,Caralie Lindwall,clindwalln@weebly.com,3533977648972114,jcb
25,Robers Askaw,raskawo@utexas.edu,337941745473917,americanexpress
26,,dkeblep@slideshare.net,3578544584003597,jcb
27,Austin Screach,ascreachq@twitter.com,6706946572815569,laser
28,Marylinda Grigoriev,mgrigorievr@technorati.com,3533605973677715,jcb
29,Austine Stace,astaces@reddit.com,3581693370537642,jcb
30,Tommy Sessions,tsessionst@wiley.com,633439798238071615,solo
31,Miguelita Forge,mforgeu@sitemeter.com,3579752725137526,jcb
32,Moise Wildgoose,mwildgoosev@geocities.com,3569570258045128,jcb
33,Rebe Child,rchildw@army.mil,5641829304112945,switch
34,Lew Sloam,lsloamx@mediafire.com,,jcb
35,Susana Francioli,sfrancioliy@illinois.edu,,jcb
36,,tmurrowz@barnesandnoble.com,3547427813207957,jcb
37,Donia Berkelay,dberkelay10@github.com,560223627832130086,china-unionpay
38,Gabe Carlsen,gcarlsen11@zdnet.com,3563164447446946,jcb
39,Arly Saffrin,asaffrin12@flickr.com,50188046722917897,maestro
40,Rafi Droghan,rdroghan13@eepurl.com,3531212634496833,jcb
41,Kenton Stenson,kstenson14@sitemeter.com,3576915708487894,jcb
42,,dhuxtable15@blogger.com,6331104993182469704,switch
43,Barnabe Meagh,bmeagh16@dedecms.com,201579586520124,diners-club-enroute
44,,ssemkins17@stumbleupon.com,,jcb
45,Carin Bollins,cbollins18@cmu.edu,,mastercard
46,Cammy Tufts,ctufts19@godaddy.com,374622818709734,americanexpress
47,,sletterese1a@buzzfeed.com,,jcb
48,Gaston Gamet,ggamet1b@merriam-webster.com,30132453670833,diners-club-carte-blanche
49,Deina Paten,dpaten1c@ed.gov,,visa-electron
50,Rodolfo Pearton,rpearton1d@aboutads.info,3571289029934603,jcb
51,Allie Arghent,aarghent1e@cocolog-nifty.com,3586917922111894,jcb
52,Kirk Augustine,kaugustine1f@webmd.com,3558891477049599,jcb
53,Bibbye Goudge,bgoudge1g@t-online.de,3543925287256669,jcb
54,Paule Guiel,pguiel1h@amazon.de,,maestro
55,,mwildman1i@princeton.edu,490390828297815776,switch
56,Tallulah Rainard,trainard1j@miitbeian.gov.cn,560224892376720424,china-unionpay
57,Corrianne Rosindill,crosindill1k@nytimes.com,,visa-electron
58,Zarah Pilbeam,zpilbeam1l@yelp.com,3550720603034258,jcb
59,,wmuldownie1m@squidoo.com,3540187687141727,jcb
60,Daphene Hartman,dhartman1n@globo.com,676186613393370799,maestro
61,Ariana Charville,acharville1o@bandcamp.com,30536466731491,diners-club-carte-blanche
62,Todd Bindon,tbindon1p@4shared.com,5480529189669423,diners-club-us-ca
63,Janifer Kinsley,,3550703377562001,jcb
64,Tina Towey,ttowey1r@alibaba.com,3575354488639964,jcb
65,Teddie Fahrenbacher,tfahrenbacher1s@thetimes.co.uk,56022189383594311,china-unionpay
66,Norby Pulford,npulford1t@kickstarter.com,3542268397374218,jcb
67,,bmitten1u@github.com,4903110920812556,switch
68,Pincas Risbrough,prisbrough1v@fc2.com,3578617021536617,jcb
69,Madelaine Allibone,mallibone1w@woothemes.com,,china-unionpay
70,Josie Chalder,jchalder1x@cyberchimps.com,3552232738538706,jcb
71,Adelbert Likly,alikly1y@netvibes.com,3580038156169999,jcb
72,Jeniece Skydall,jskydall1z@wufoo.com,,jcb
73,Charley Ibert,cibert20@odnoklassniki.ru,676161093828219854,maestro
74,,hschwieso21@reddit.com,3578513609508187,jcb
75,Zachary Najera,znajera22@g.co,4917886270645498,visa-electron
76,Judah Dollen,jdollen23@google.ca,201795538858525,diners-club-enroute
77,Dicky Hartop,dhartop24@mac.com,5527488219651379,mastercard
78,Reade Ferroni,rferroni25@apache.org,4913599339606526,visa-electron
79,Rasla Anning,ranning26@geocities.jp,5602232238253041,bankcard
80,Stavros Smittoune,ssmittoune27@theatlantic.com,493640946972314089,switch
81,Salomi Scrange,sscrange28@gmpg.org,5100146833397895,mastercard
82,Rona Smithers,rsmithers29@nps.gov,3574514195602859,jcb
83,,mtorpie2a@unesco.org,3536937094727724,jcb
84,Arlana Jubert,ajubert2b@about.com,67590089381966058,maestro
85,,tbroad2c@com.com,4041372930883,visa
86,,tpurvey2d@cbsnews.com,3552192050775502,jcb
87,Gerty Ord,gord2e@myspace.com,5416154489497562,mastercard
88,Kendre Dohms,kdohms2f@imageshack.us,3583995512243023,jcb
89,Carmita Girardez,cgirardez2g@youtu.be,3544541182561282,jcb
90,Darius Hoggin,dhoggin2h@booking.com,3529527108573518,jcb
91,Jephthah Frowd,jfrowd2i@tiny.cc,3584373998831001,jcb
92,Sofia Kelcher,skelcher2j@yandex.ru,4405422262082935,visa-electron
93,Freedman Wilsone,fwilsone2k@deliciousdays.com,3544314361963053,jcb
94,Shela Coupar,scoupar2l@printfriendly.com,,jcb
95,Griffin Harbron,gharbron2m@pagesperso-orange.fr,3535476400198156,jcb
96,Lanni Dreng,ldreng2n@engadget.com,3535673777107428,jcb
97,Pietro Solomon,psolomon2o@lycos.com,4903043134873769,switch
98,Michale Wilcock,mwilcock2p@mlb.com,3557853650100277,jcb
99,,aconnichie2q@zimbio.com,3534517052694975,jcb
100,Jereme Stivens,jstivens2r@indiatimes.com,3565673259919186,jcb
101,Boycie Upjohn,bupjohn2s@vimeo.com,4917603354283777,visa-electron
102,Farrand MacVagh,fmacvagh2t@ucla.edu,3578622754299912,jcb
103,Egbert Honig,ehonig2u@ed.gov,4844582612443308,visa-electron
104,,amacer2v@macromedia.com,5602245539021234786,china-unionpay
105,Silvester Levick,slevick2w@qq.com,,jcb
106,Rog Gaize,rgaize2x@miibeian.gov.cn,3574038632448015,jcb
107,Corine Anthill,canthill2y@flickr.com,,jcb
108,Calhoun Ivan,civan2z@netvibes.com,3558836716937658,jcb
109,Vonnie MacKill,vmackill30@msu.edu,4913832012314096,visa-electron
110,Nonah Shaylor,nshaylor31@shareasale.com,,jcb
111,Ethelred Drake,,,diners-club-enroute
112,Cloe McGurn,cmcgurn33@umich.edu,6333744541324495,switch
113,Dick Petherick,dpetherick34@washingtonpost.com,,diners-club-us-ca
114,Wendel Dimmack,wdimmack35@ifeng.com,3539408470221804,jcb
115,Jacquelynn Code,jcode36@cbslocal.com,4041379954340,visa
116,Trevor Gerry,tgerry37@macromedia.com,,jcb
117,Martie Sherebrooke,msherebrooke38@reuters.com,30269691401868,diners-club-carte-blanche
118,Paula Pasque,ppasque39@msu.edu,5602221513215790794,china-unionpay
119,,ehayball3a@amazon.co.uk,30517101086061,diners-club-carte-blanche
120,Teador Scamerden,tscamerden3b@furl.net,3584725536950439,jcb
121,Ammamaria Teape,ateape3c@dyndns.org,3539444267970949,jcb
122,,,,jcb
123,Darla Tourry,dtourry3e@weather.com,,switch
124,,bmaxweell3f@wisc.edu,5602229509233967,bankcard
125,Nathalia Cumbes,ncumbes3g@artisteer.com,5154878396659114,mastercard
126,,rsmitten3h@a8.net,,jcb
127,Del Nellies,dnellies3i@macromedia.com,4987645060985414,visa
128,,smurie3j@phpbb.com,3569744134422856,jcb
129,Roderic Randalson,rrandalson3k@aol.com,3559371878989593,jcb
130,Carlynn Downing,cdowning3l@cbc.ca,4508474652487139,visa-electron
131,Markos Doge,mdoge3m@sciencedaily.com,56022494920187441,china-unionpay
132,Nat Letteresse,nletteresse3n@webmd.com,30041837360054,diners-club-carte-blanche
133,Hubey Brindley,hbrindley3o@home.pl,5602258114183507,bankcard
134,Eduard Toffolo,,5541007895405686,mastercard
135,Jada Colborn,jcolborn3q@weibo.com,3534941446110706,jcb
136,Stephana Kelway,skelway3r@parallels.com,5538393682378947,diners-club-us-ca
137,Gregorio Boycott,gboycott3s@usda.gov,3572855977409548,jcb
138,Kliment Spowart,kspowart3t@discovery.com,5007666015821242,mastercard
139,Juditha Pinnington,jpinnington3u@paypal.com,3536258552017296,jcb
140,Jojo Megainey,jmegainey3v@ameblo.jp,3580862474928707,jcb
141,Alberik Sedman,asedman3w@bbb.org,201909748844734,diners-club-enroute
142,Mattheus Justice,mjustice3x@rambler.ru,374283555900091,americanexpress
143,Galvin O Fallon,,4844878847122240,visa-electron
144,Mandel Cone,mcone3z@multiply.com,56022276465932681,china-unionpay
145,Grete Donnett,gdonnett40@feedburner.com,50188600491243636,maestro
146,Cristi Youdell,cyoudell41@rakuten.co.jp,5378987360110739,mastercard
147,Redd McGlashan,rmcglashan42@freewebs.com,4017956159825740,visa
148,Angeline Gregorin,agregorin43@sfgate.com,3589088688363066,jcb
149,,kmanagh44@gravatar.com,30007393947022,diners-club-carte-blanche
150,Nikki Revens,nrevens45@blogs.com,,mastercard
151,,kberzen46@craigslist.org,6386745806797008,instapayment
152,Veradis Fermer,vfermer47@over-blog.com,3577258793758963,jcb
153,Sophia Belbin,sbelbin48@hubpages.com,,jcb
154,Steve Stanistrete,sstanistrete49@bbb.org,,jcb
155,Marcelo Dickin,mdickin4a@dion.ne.jp,4041598771293,visa
156,Giffard Van Dijk,gvan4b@multiply.com,3554302716768712,jcb
157,Krissy Queyos,kqueyos4c@dailymail.co.uk,,diners-club-carte-blanche
158,Rene Hedde,,3582123902957802,jcb
159,,gandreacci4e@forbes.com,5010122210763107,mastercard
160,Ab Lemmer,alemmer4f@goo.ne.jp,3573359492758744,jcb
161,,kgreenhall4g@sogou.com,4844958339702681,visa-electron
162,,abentje4h@ask.com,3555533624628882,jcb
163,Deerdre Fuggle,dfuggle4i@theglobeandmail.com,3578367644204702,jcb
164,Goldie Ackroyd,gackroyd4j@msn.com,3575996233040037,jcb
165,Chrotoem Bruster,cbruster4k@purevolume.com,3589017269402092,jcb
166,Gordie MacCumeskey,gmaccumeskey4l@cnet.com,,jcb
167,Alia Simms,asimms4m@furl.net,4844893641320577,visa-electron
168,Lacey Partner,lpartner4n@google.es,3560769650130939,jcb
169,,rdearnley4o@yahoo.com,3541740736102683,jcb
170,,vdunwoody4p@multiply.com,3552944150287444,jcb
171,Iggie Witherup,iwitherup4q@spotify.com,201874753031629,diners-club-enroute
172,,adysart4r@irs.gov,4936860832185464,switch
173,Krishna Waterhowse,kwaterhowse4s@apple.com,,laser
174,Hermione Colkett,hcolkett4t@usgs.gov,5602212451401576,bankcard
175,Addie Royl,aroyl4u@deviantart.com,491135432647812795,switch
176,Estevan Garstang,egarstang4v@dedecms.com,3586559320706444,jcb
177,Dorry Liversidge,dliversidge4w@ca.gov,3573343220153576,jcb
178,Guy Finn,,3543046274544924,jcb
179,Athene McCorkindale,amccorkindale4y@marriott.com,3536904384914024,jcb
180,Justen Lowbridge,jlowbridge4z@bravesites.com,,maestro
181,Tarra Harg,tharg50@mapy.cz,3529885206858649,jcb
182,Kayne Lattimore,klattimore51@reference.com,3534818349783583,jcb
183,Ethelin Cowland,ecowland52@baidu.com,,jcb
184,Emmery Fotherby,efotherby53@jigsy.com,3578800261524390,jcb
185,Caroljean Creamen,ccreamen54@photobucket.com,342691423405565,americanexpress
186,Andres Itzcovich,aitzcovich55@sourceforge.net,,jcb
187,Chery Stoute,cstoute56@aol.com,201402305283058,diners-club-enroute
188,Jordan Welch,jwelch57@webeden.co.uk,,jcb
189,Fania Alcido,falcido58@tuttocitta.it,3530518176815276,jcb
190,Selie Seabon,sseabon59@opensource.org,3551650444775836,jcb
191,,kmundwell5a@japanpost.jp,3540141763920199,jcb
192,,pmendoza5b@opensource.org,5351107592952714,mastercard
193,Townsend Tratton,ttratton5c@elegantthemes.com,675923580557709866,switch
194,Vanda Echallie,,372301415421926,americanexpress
195,Winslow Pawlett,wpawlett5e@lulu.com,5131943080719984,mastercard
196,Winnie Veare,wveare5f@netlog.com,30471041807998,diners-club-carte-blanche
197,Gannon Billborough,gbillborough5g@princeton.edu,3563204661899766,jcb
198,,lwehden5h@typepad.com,3536550343340643,jcb
199,,eramble5i@abc.net.au,3549564746977088,jcb
200,Clarabelle Massimo,cmassimo5j@reference.com,4844224359964465,visa-electron
201,Elwin Stiff,estiff5k@cnn.com,342487880932617,americanexpress
202,Hartley Wadhams,hwadhams5l@unc.edu,6331101856229474,switch
203,Marc O Day,moday5m@disqus.com,5108755897333406,mastercard
204,Caldwell Meak,cmeak5n@pen.io,6331104181116722972,switch
205,Rebeca Quincee,rquincee5o@marketwatch.com,4913111622180126,visa-electron
206,Con Chasmor,cchasmor5p@jigsy.com,3531915173349276,jcb
207,Chic Hodgen,chodgen5q@intel.com,5002356348032981,mastercard
208,Concordia Aujean,caujean5r@intel.com,3533672391644800,jcb
209,Curran Logg,clogg5s@surveymonkey.com,,visa
210,Saleem Adlam,sadlam5t@noaa.gov,5610092432514899,china-unionpay
211,Evvy Branford,ebranford5u@europa.eu,4917976843670865,visa-electron
212,Goldina Flores,gflores5v@chicagotribune.com,6771575161782327220,laser
213,Maggi Georgins,mgeorgins5w@cbc.ca,3554652621180027,jcb
214,Mervin Snelgar,msnelgar5x@360.cn,4903125171154830632,switch
215,,lvillaret5y@columbia.edu,3571002848179437,jcb
216,,stams5z@canalblog.com,372124828823821,americanexpress
217,,zboswood60@dell.com,3533222846286938,jcb
218,Cassandry Arnoldi,carnoldi61@accuweather.com,3559290144206105,jcb
219,Nerte Roll,nroll62@yellowpages.com,,jcb
220,Hobey Pentland,hpentland63@cnet.com,,jcb
221,Antin McInulty,amcinulty64@joomla.org,675951365456533269,maestro
222,Tomas Gritsaev,tgritsaev65@issuu.com,5602240887871757,china-unionpay
223,Arlyne Everist,aeverist66@istockphoto.com,,switch
224,Ann-marie Braidon,abraidon67@disqus.com,5010120008377502,mastercard
225,Barbee Nand,bnand68@illinois.edu,6375272223373316,instapayment
226,Jacquetta Sitford,jsitford69@boston.com,,visa
227,Bamby Lincke,blincke6a@xinhuanet.com,3548881512321718,jcb
228,,fmccarl6b@independent.co.uk,3538818231957028,jcb
229,Orsa Beddows,obeddows6c@google.co.uk,3581266364983369,jcb
230,Tiphani Gilhouley,tgilhouley6d@e-recht24.de,560225034516440238,china-unionpay
231,,qfrankland6e@hao123.com,3544579123231565,jcb
232,Alasdair Casetta,acasetta6f@bluehost.com,6759655143611771,switch
233,Evie Gooley,egooley6g@bravesites.com,,diners-club-enroute
234,Weylin Ciccotti,wciccotti6h@linkedin.com,,jcb
235,Romain McLevie,rmclevie6i@ed.gov,36178775274980,diners-club-international
236,Burch Bretherton,bbretherton6j@surveymonkey.com,6334441257504218108,solo
237,Freida Van,fvan6k@mashable.com,3539232897584143,jcb
238,Leona McGuffie,lmcguffie6l@yale.edu,3554671335939312,jcb
239,Revkah Bown,rbown6m@studiopress.com,,switch
240,Geoff Fibbings,gfibbings6n@opera.com,4405412280266826,visa-electron
241,Griffie Caney,gcaney6o@gmpg.org,374283305311086,americanexpress
242,Trina Keat,tkeat6p@kickstarter.com,6398975549250702,instapayment
243,Bryanty Keedwell,bkeedwell6q@cnet.com,3556355232067827,jcb
244,Marylou Rape,mrape6r@feedburner.com,,jcb
245,Beitris Binne,bbinne6s@purevolume.com,,china-unionpay
246,Roxanna Blankett,rblankett6t@spotify.com,5185660772312119,mastercard
247,Sigvard O Doogan,sodoogan6u@howstuffworks.com,3540600167726668,jcb
248,,etrever6v@hao123.com,4911860029908917,switch
249,Christian Farquarson,cfarquarson6w@wikia.com,3577729864906012,jcb
250,Rand Lody,rlody6x@answers.com,,mastercard
251,,cocarney6y@dot.gov,3574150422624968,jcb
252,Elka Young,eyoung6z@feedburner.com,5610439438264419,china-unionpay
253,Janelle Christensen,jchristensen70@bluehost.com,3560797242243720,jcb
254,,lbeceril71@netscape.com,3558914091271371,jcb
255,Darell D Agostino,ddagostino72@xing.com,67096969459271003,laser
256,Patsy Wogan,pwogan73@mapquest.com,6763719520825190,maestro
257,Davide Erdes,derdes74@flavors.me,5002350261731695,mastercard
258,Raymond Kall,rkall75@godaddy.com,,visa-electron
259,,jdimitriades76@biblegateway.com,3531238540723747,jcb
260,Samuel Reichert,sreichert77@sfgate.com,3536451071518692,jcb
261,,gbrettle78@omniture.com,,visa
262,,jcarl79@go.com,,jcb
263,Robers Krook,rkrook7a@imageshack.us,5294185298617310,mastercard
264,Meriel Ovenell,movenell7b@bigcartel.com,,jcb
265,Hershel Schubert,hschubert7c@businesswire.com,,diners-club-carte-blanche
266,Herold Cantero,hcantero7d@vkontakte.ru,,jcb
267,Berny Borsay,bborsay7e@engadget.com,374305960138577,americanexpress
268,Clim Duchateau,cduchateau7f@qq.com,5602259373765419699,china-unionpay
269,Kirby Fergusson,kfergusson7g@posterous.com,3571709868396754,jcb
270,Tamar Drains,tdrains7h@oracle.com,3574765027469921,jcb
271,Trisha Tither,ttither7i@wikispaces.com,371861455802609,americanexpress
272,Moria Lasslett,,5002356570538762,mastercard
273,Donaugh Basini-Gazzi,dbasinigazzi7k@npr.org,3578679619065433,jcb
274,Ebba Fould,efould7l@nasa.gov,6333518780250797,switch
275,,tlundberg7m@delicious.com,3587044061446640,jcb
276,Killy Farquar,kfarquar7n@yahoo.com,,switch
277,Florinda Heartfield,fheartfield7o@globo.com,,maestro
278,Britney Gogin,bgogin7p@stumbleupon.com,4844519535860572,visa-electron
279,Verna de Leon,vde7q@noaa.gov,3551410762889101,jcb
280,Naomi Stoddart,nstoddart7r@wsj.com,5417534811905599,diners-club-us-ca
281,Shana O Nion,sonion7s@jugem.jp,3543277451752077,jcb
282,Heloise Soares,hsoares7t@narod.ru,,americanexpress
283,Ephraim De la Feld,ede7u@reference.com,,visa-electron
284,Haslett Flukes,hflukes7v@ftc.gov,5521693377419065,diners-club-us-ca
285,Bidget Godding,bgodding7w@newyorker.com,5499384337906577,diners-club-us-ca
286,Marrilee Demschke,mdemschke7x@edublogs.org,3543244992479057,jcb
287,Mia Medgewick,mmedgewick7y@un.org,675913374307862148,maestro
288,Ellwood Greystoke,egreystoke7z@sakura.ne.jp,,jcb
289,Mikkel Frackiewicz,mfrackiewicz80@ycombinator.com,,maestro
290,Eamon Schrader,eschrader81@alexa.com,3529600831443430,jcb
291,Faun Benninck,fbenninck82@ask.com,341326548570339,americanexpress
292,Arielle Bibey,abibey83@mail.ru,56022339507280046,china-unionpay
293,,ftenpenny84@ezinearticles.com,,jcb
294,Uriah Mannering,umannering85@blogger.com,3542753135562554,jcb
295,Heather Widdowes,hwiddowes86@com.com,6767422703225874301,solo
296,Teirtza Sheardown,tsheardown87@forbes.com,3553015828847783,jcb
297,Alene Baldacchi,abaldacchi88@cmu.edu,6706312644162864221,laser
298,Jeremiah Angeli,jangeli89@t.co,5602241478593990,bankcard
299,Brigid Roberts,broberts8a@weebly.com,337941600667314,americanexpress
300,Giselbert Mattiassi,gmattiassi8b@meetup.com,,visa-electron
301,Candide Goodin,,3529141202205306,jcb
302,Helene Elmhurst,helmhurst8d@illinois.edu,201409385723499,diners-club-enroute
303,Shayne Simmgen,ssimmgen8e@instagram.com,,americanexpress
304,Saleem Cabbell,scabbell8f@walmart.com,,diners-club-carte-blanche
305,Wes Arson,warson8g@dropbox.com,56022480066583030,china-unionpay
306,Vincents Sheringham,vsheringham8h@ihg.com,4017954608105,visa
307,Johnette Way,jway8i@blogtalkradio.com,374622773506125,americanexpress
308,Sibeal Kingsbury,skingsbury8j@umich.edu,5602225059710255,bankcard
309,Jolene Mourgue,jmourgue8k@icq.com,3561501566606044,jcb
310,Charlene Crabtree,ccrabtree8l@nydailynews.com,30327098537682,diners-club-carte-blanche
311,Gilbertina Lahy,,6397434456249449,instapayment
312,Carmencita Birdseye,cbirdseye8n@360.cn,,bankcard
313,Kahaleel Sacker,ksacker8o@paginegialle.it,4508498867791290,visa-electron
314,Osmond Stranieri,ostranieri8p@theglobeandmail.com,6767537533593217,solo
315,Standford De Mico,sde8q@tmall.com,3538190860681786,jcb
316,Barthel Pencost,bpencost8r@wikimedia.org,5602248085950604,bankcard
317,,hrikard8s@nasa.gov,,jcb
318,Dorie Kinsley,dkinsley8t@virginia.edu,201403868347256,diners-club-enroute
319,Dorothee Bouller,dbouller8u@phpbb.com,,mastercard
320,,gmcglaughn8v@auda.org.au,6394236103508207,instapayment
321,Jackquelin Kerans,jkerans8w@mapquest.com,490560919998020362,switch
322,Hedi Farlamb,hfarlamb8x@last.fm,,mastercard
323,,arookeby8y@t.co,5100133204404161,mastercard
324,Alvera Vasyukhin,avasyukhin8z@google.cn,,jcb
325,Waylen Please,wplease90@dailymotion.com,201829410908494,diners-club-enroute
326,Ahmed Beardshaw,abeardshaw91@indiatimes.com,,jcb
327,Benjamen Zanneli,bzanneli92@umich.edu,5602218846853231,china-unionpay
328,Hillard Chasle,hchasle93@xing.com,4844179811303597,visa-electron
329,Trisha Kamena,tkamena94@gov.uk,67060860102586487,laser
330,Elianore Cratchley,ecratchley95@acquirethisname.com,3547210730640116,jcb
331,Averil Brigdale,abrigdale96@amazon.com,374622108622605,americanexpress
332,Alexandr Warrender,awarrender97@weather.com,6304940725263974789,maestro
333,,eclemens98@epa.gov,5602229443797087306,china-unionpay
334,,esunnucks99@networksolutions.com,5108759606853183,mastercard
335,Andras Stubbes,astubbes9a@salon.com,3570460533350864,jcb
336,Helsa Connew,hconnew9b@techcrunch.com,3538929576846682,jcb
337,Berthe MacRinn,bmacrinn9c@un.org,30071694446878,diners-club-carte-blanche
338,Viviene Maron,vmaron9d@un.org,,jcb
339,Dermot Curtis,dcurtis9e@tinyurl.com,50200189462734173,maestro
340,Maxi Knocker,mknocker9f@fotki.com,5010123736882744,mastercard
341,Andrej Berford,aberford9g@bravesites.com,,bankcard
342,Aviva Lorant,alorant9h@parallels.com,6395449968744945,instapayment
343,Elaina Brewerton,ebrewerton9i@telegraph.co.uk,3582498380043337,jcb
344,Harper Boake,hboake9j@360.cn,5546998824641687,diners-club-us-ca
345,Jobina Woolner,jwoolner9k@bbc.co.uk,,americanexpress
346,,,,mastercard
347,Red Houlaghan,rhoulaghan9m@ucsd.edu,,visa-electron
348,,spennings9n@nytimes.com,,jcb
349,Addia Loutheane,aloutheane9o@hubpages.com,3558469944823340,jcb
350,Cordy Teml,cteml9p@wikipedia.org,30214158032384,diners-club-carte-blanche
351,L;urette Denisyev,ldenisyev9q@taobao.com,,visa
352,Dalt Lias,dlias9r@so-net.ne.jp,5602232505362731,china-unionpay
353,,,4508437654907073,visa-electron
354,Edgardo McCarrell,emccarrell9t@studiopress.com,3557545009205332,jcb
355,Gunar Fausset,gfausset9u@booking.com,5483586155397907,mastercard
356,Marline Treadger,,3572027800758364,jcb
357,Rafaello Sleford,rsleford9w@phoca.cz,56022295850927262,china-unionpay
358,,rdawidsohn9x@ucsd.edu,,mastercard
359,Hendrik Moxstead,hmoxstead9y@admin.ch,30315920644891,diners-club-carte-blanche
360,Marcelle Hoxey,mhoxey9z@oaic.gov.au,6709563792084413807,laser
361,,ophilcocka0@t-online.de,,switch
362,Stephi Hanhart,shanharta1@census.gov,201901776149656,diners-club-enroute
363,,labazia2@discuz.net,372301852394339,americanexpress
364,Samuel Ainsworth,sainswortha3@army.mil,6395193132900120,instapayment
365,Jacobo Dougliss,jdouglissa4@opera.com,67716552068141005,laser
366,Maurie Bearns,mbearnsa5@biblegateway.com,343060768154247,americanexpress
367,Carmina Dowbekin,cdowbekina6@dion.ne.jp,374283471217935,americanexpress
368,Melodee Concklin,mconcklina7@vinaora.com,0604968892210160,maestro
369,Matthieu Awde,mawdea8@ycombinator.com,4405509232772478,visa-electron
370,,cwoodyearea9@nymag.com,30403436329320,diners-club-carte-blanche
371,Mehetabel Spick,,,visa-electron
372,Nicolina Nolton,nnoltonab@eventbrite.com,3589580521655252,jcb
373,,dgoneyac@prweb.com,58938825495100765,maestro
374,Dilly Davion,,6771800806039258,laser
375,Brent Domico,bdomicoae@mediafire.com,,mastercard
376,Andrew Rappoport,arappoportaf@forbes.com,,jcb
377,Bendicty Karlsson,bkarlssonag@apache.org,374622125616606,americanexpress
378,Maryrose Porter,mporterah@wufoo.com,4917586577303664,visa-electron
379,Gerladina Comben,gcombenai@naver.com,5602258529092897,bankcard
380,Millie Cuxson,mcuxsonaj@ameblo.jp,6706757359141958,laser
381,Elnar Easson,eeassonak@japanpost.jp,,maestro
382,,rlundal@china.com.cn,3535355704967476,jcb
383,Rik Scriver,rscriveram@usa.gov,5602225021948405,bankcard
384,Bendix Masey,bmaseyan@hibu.com,5298285772531221,mastercard
385,Jeannette Kynge,jkyngeao@merriam-webster.com,3555672022524200,jcb
386,Jo-anne Gandar,jgandarap@ftc.gov,374283439432618,americanexpress
387,Godiva Gullberg,ggullbergaq@statcounter.com,6382753169649836,instapayment
388,Rhodia Ferne,rfernear@i2i.jp,,switch
389,Decca Lamburne,dlamburneas@seesaa.net,3546435053534833,jcb
390,Benjie Ambrois,bambroisat@bing.com,5100174641563243,mastercard
391,Rafferty Regelous,rregelousau@squidoo.com,3561629736484362,jcb
392,Danna Cartwight,dcartwightav@networkadvertising.org,3554743283048030,jcb
393,Sholom Racher,sracheraw@sciencedaily.com,3567378669881863,jcb
394,Dacy Copestick,dcopestickax@google.co.jp,3535381970856136,jcb
395,Bernadene Goulding,bgouldingay@princeton.edu,,americanexpress
396,Ignace Gritsaev,igritsaevaz@latimes.com,,diners-club-enroute
397,Alvinia Inworth,ainworthb0@mysql.com,5337473813837046,mastercard
398,Druci Eisig,deisigb1@linkedin.com,5641822753381564257,switch
399,Odell Gercken,ogerckenb2@senate.gov,,diners-club-enroute
400,Caren Roadnight,croadnightb3@oakley.com,5048371504089259,mastercard
401,,rmckelveyb4@hubpages.com,3579843580476123,jcb
402,,mbaudtsb5@virginia.edu,50384842400998403,maestro
403,Shannen Menhenitt,,201645447704627,diners-club-enroute
404,Casey Lindenman,clindenmanb7@dmoz.org,3580857266505317,jcb
405,Aubert Neaverson,aneaversonb8@samsung.com,,diners-club-enroute
406,Ertha Caudwell,ecaudwellb9@nbcnews.com,3564037815776707,jcb
407,Berkly Gillhespy,bgillhespyba@smh.com.au,30088870919619,diners-club-carte-blanche
408,Johnna Giovannetti,jgiovannettibb@instagram.com,3575702546717869,jcb
409,Heywood Damper,hdamperbc@admin.ch,3548094376158040,jcb
410,Ashbey Marchenko,amarchenkobd@pbs.org,30316500573658,diners-club-carte-blanche
411,Sigmund Sichardt,ssichardtbe@exblog.jp,3561509088610857,jcb
412,Susie Nowak,snowakbf@amazon.co.uk,3541290754039375,jcb
413,Nil Polhill,npolhillbg@ebay.co.uk,4026106420729391,visa-electron
414,Vevay Wrench,vwrenchbh@timesonline.co.uk,6304407046428745683,maestro
415,Dillie Matteini,dmatteinibi@feedburner.com,5007669979623083,mastercard
416,Jeddy Rump,jrumpbj@nature.com,201705016533714,diners-club-enroute
417,Vincenty Agus,vagusbk@altervista.org,6331109447663440,switch
418,,lkeatsbl@businesswire.com,3535148032824265,jcb
419,Neall O Criane,nocrianebm@live.com,5602213983561648,bankcard
420,Welch de Courcey,wdebn@ocn.ne.jp,4905741163106943232,switch
421,Chaddy Stute,cstutebo@webeden.co.uk,30293342082653,diners-club-carte-blanche
422,Collen Topley,ctopleybp@networkadvertising.org,,laser
423,Homerus Morsom,hmorsombq@hostgator.com,3538530987999381,jcb
424,Lindsy Japp,ljappbr@sciencedirect.com,3532597874388545,jcb
425,,mgiacovettibs@friendfeed.com,5100175644029140,mastercard
426,,wcodabt@google.com.br,,jcb
427,Marcia Elsdon,melsdonbu@wired.com,3586100919597538,jcb
428,Mair Maudsley,,201570609613624,diners-club-enroute
429,Karia Lyvon,klyvonbw@homestead.com,3545975181740985,jcb
430,,ksculpherbx@last.fm,,jcb
431,Tallia Rubra,trubraby@shutterfly.com,6372414536100886,instapayment
432,Brock Lowensohn,blowensohnbz@paypal.com,5514827974716056,mastercard
433,Roxine Gwatkin,rgwatkinc0@tmall.com,3574319156484119,jcb
434,Timotheus Nortunen,tnortunenc1@statcounter.com,201497019102206,diners-club-enroute
435,Wilmette Vernall,wvernallc2@google.it,3559292818445027,jcb
436,Sam Colbron,scolbronc3@independent.co.uk,6304490544034963,maestro
437,Merl Georgins,mgeorginsc4@stanford.edu,3577324768765423,jcb
438,Franny Burmaster,fburmasterc5@omniture.com,670667061692423227,laser
439,Kean Varley,kvarleyc6@wikispaces.com,3552651791230259,jcb
440,Emmalynne Ship,eshipc7@shop-pro.jp,,jcb
441,Andras Angric,aangricc8@salon.com,5002357099491830,mastercard
442,Brietta Grinyakin,bgrinyakinc9@census.gov,,mastercard
443,,aborrottca@shinystat.com,5373035342007642,mastercard
444,Immanuel Shawley,ishawleycb@cdbaby.com,5213925032962433,mastercard
445,,gmohringcc@hexun.com,3543888636910933,jcb
446,Romain Orehead,roreheadcd@de.vu,3570411083415300,jcb
447,Erika Rayhill,erayhillce@goodreads.com,,americanexpress
448,Jane Ledwidge,jledwidgecf@netlog.com,3552505758062669,jcb
449,Harbert Dallon,hdalloncg@i2i.jp,3564516034311800,jcb
450,Colline Van der Kruys,cvanch@google.ru,3530611388176262,jcb
451,Michelina Berndtsson,mberndtssonci@1688.com,4041598032522,visa
452,Britney Ascough,bascoughcj@time.com,371388399730803,americanexpress
453,Arleen Skirvin,askirvinck@furl.net,3532008001162258,jcb
454,Vite Meddick,vmeddickcl@jigsy.com,3565871538793063,jcb
455,Richard Vedikhov,rvedikhovcm@google.fr,490585578001091348,switch
456,Nevsa Kirkebye,nkirkebyecn@icq.com,3556118002905612,jcb
457,Netty Ondrusek,nondrusekco@xrea.com,3536888248990488,jcb
458,Martha Norgate,mnorgatecp@tinyurl.com,6759322134762879,maestro
459,Cheslie Parades,cparadescq@technorati.com,3531074814682230,jcb
460,Sarena Vasyunkin,svasyunkincr@ehow.com,,jcb
461,Bertina Smooth,bsmoothcs@myspace.com,4936100914685879,switch
462,Gaston Lyes,glyesct@tinyurl.com,3538220922982490,jcb
463,Eddy Malzard,emalzardcu@ibm.com,3539959931661533,jcb
464,Anne Iori,aioricv@nydailynews.com,3534147019241650,jcb
465,Maison Pheasey,mpheaseycw@nytimes.com,201450440048076,diners-club-enroute
466,Faythe Jonathon,fjonathoncx@opensource.org,3543953524573811,jcb
467,Bidget Costerd,bcosterdcy@thetimes.co.uk,4913252622121171,visa-electron
468,Marta Melia,mmeliacz@reverbnation.com,3572300774089540,jcb
469,Donn Bailles,dbaillesd0@newyorker.com,3589505139583653,jcb
470,Trudie Kiddie,tkiddied1@wp.com,201436552392014,diners-club-enroute
471,Glenn Aldham,galdhamd2@state.tx.us,3574566957937725,jcb
472,Adela Treves,atrevesd3@free.fr,,jcb
473,,enewboldd4@icio.us,,diners-club-carte-blanche
474,Rab Eteen,reteend5@over-blog.com,,visa
475,Sayre Strand,sstrandd6@nps.gov,,mastercard
476,Andi Mantha,amanthad7@ovh.net,5002357169349975,mastercard
477,Dian Aicken,daickend8@chronoengine.com,3532199306329856,jcb
478,Marsha Meldrum,mmeldrumd9@rediff.com,,switch
479,Abby Pendock,apendockda@google.fr,3537435995504762,jcb
480,Luise Chatelot,lchatelotdb@surveymonkey.com,,china-unionpay
481,Shelden Fawke,sfawkedc@histats.com,4041597966910828,visa
482,Micaela Talloe,mtalloedd@zdnet.com,5602221695234602,bankcard
483,Royall Mc Coughan,rmcde@foxnews.com,,jcb
484,,rfairclothdf@marriott.com,3534379961958037,jcb
485,Marieann Sandal,msandaldg@un.org,3582551059787830,jcb
486,,jcarlettidh@myspace.com,,diners-club-enroute
487,Fred Hobgen,fhobgendi@hc360.com,5100140142414335,mastercard
488,Aleksandr Heather,aheatherdj@blogger.com,201778173650084,diners-club-enroute
489,Marlo MacConnechie,mmacconnechiedk@purevolume.com,341425461778695,americanexpress
490,Gran Gazzard,,50189160181025123,maestro
491,Shir McMeanma,smcmeanmadm@dailymail.co.uk,,visa
492,Blinnie Kupka,bkupkadn@about.com,5602219122944835,china-unionpay
493,Idelle Male,imaledo@multiply.com,4692407250547,visa
494,Tedra Straine,tstrainedp@mlb.com,3562716697771769,jcb
495,Krishna Kellington,kkellingtondq@fema.gov,,jcb
496,Hedy Drinkhall,hdrinkhalldr@storify.com,4026172820285442,visa-electron
497,Ellery Woolpert,ewoolpertds@mit.edu,4844751825537947,visa-electron
498,Horten Leadston,hleadstondt@vistaprint.com,5108751681589378,mastercard
499,Tabby Quainton,tquaintondu@about.me,374622268920971,americanexpress
500,,ttrainordv@newyorker.com,,diners-club-enroute
501,,fveazeydw@zimbio.com,3543703372939063,jcb
502,,smccamishdx@nifty.com,,jcb
503,Valida Brenneke,vbrennekedy@hatena.ne.jp,67621118471606069,maestro
504,Jack Crossby,jcrossbydz@elegantthemes.com,4026076132988587,visa-electron
505,Florence Armitage,farmitagee0@narod.ru,3585681136109794,jcb
506,Tamiko Glave,tglavee1@storify.com,5002350462951258,mastercard
507,,tabendrothe2@apache.org,201835239139435,diners-club-enroute
508,Dianne Stiling,,3571388106378260,jcb
509,Kristen Roblin,krobline4@prlog.org,4405127225883598,visa-electron
510,Devon Gori,dgorie5@woothemes.com,201828124535858,diners-club-enroute
511,Kacie Cloy,kcloye6@spotify.com,,laser
512,Philippine Okie,pokiee7@google.com.au,670921272166149667,laser
513,Giorgio Peeke-Vout,gpeekevoute8@slashdot.org,4026558888933057,visa-electron
514,,dlacee9@biglobe.ne.jp,30068681055688,diners-club-carte-blanche
515,Elinore Rivett,erivettea@amazon.co.uk,3576556031403453,jcb
516,Mirna Rosiello,mrosielloeb@chicagotribune.com,4041596933515,visa
517,,kmcgaugheyec@studiopress.com,3560982518639138,jcb
518,Torin Akrigg,takrigged@jalbum.net,,jcb
519,Scottie Klejna,sklejnaee@sbwire.com,3528363240557503,jcb
520,Stesha Artus,sartusef@cocolog-nifty.com,630407458534063766,laser
521,Louie Rosensaft,,6399730180971218,instapayment
522,Lorelle Montacute,lmontacuteeh@mail.ru,3538685196682051,jcb
523,Lorrie La Wille,llaei@amazon.com,3554759710064093,jcb
524,Mord Icke,mickeej@sourceforge.net,5100170867248329,mastercard
525,Mellicent Naismith,,3573469177373683,jcb
526,Evaleen Cogzell,ecogzellel@acquirethisname.com,374283067659425,americanexpress
527,,chidderleyem@feedburner.com,201471927772376,diners-club-enroute
528,Marion Deaves,mdeavesen@who.int,5347808507595970,mastercard
529,Benoit MacGuffog,bmacguffogeo@nymag.com,3565273824004430,jcb
530,Caspar Cussins,ccussinsep@who.int,5602254635427044,china-unionpay
531,Kennith Nowakowska,knowakowskaeq@netlog.com,,jcb
532,Beaufort Moneti,bmonetier@scribd.com,5048372107510337,mastercard
533,,fteacyes@rediff.com,,americanexpress
534,Sherlocke Covet,scovetet@spiegel.de,3588091110894428,jcb
535,Livvyy McAllen,lmcalleneu@yolasite.com,,laser
536,Zabrina Deguara,zdeguaraev@rakuten.co.jp,5322733509793010,mastercard
537,Bart Matthai,bmatthaiew@blogspot.com,5444705914364853,diners-club-us-ca
538,Vasilis Lansberry,vlansberryex@fastcompany.com,,visa-electron
539,Jaye Bothwell,jbothwelley@smh.com.au,374283317960730,americanexpress
540,Nanette Pandey,npandeyez@facebook.com,,jcb
541,Harmon Duchesne,hduchesnef0@github.com,67628813050839965,maestro
542,Skylar Heggman,sheggmanf1@whitehouse.gov,,jcb
543,Alister Cattach,acattachf2@unicef.org,5010120248677901,mastercard
544,Troy McClifferty,tmccliffertyf3@springer.com,,jcb
545,Wallas Meadway,,3553321413587267,jcb
546,Robinetta Pascall,rpascallf5@ocn.ne.jp,3553243298747925,jcb
547,Loretta Canto,lcantof6@cnbc.com,3573618318399193,jcb
548,Koo MacGibbon,kmacgibbonf7@twitpic.com,,jcb
549,,fmunrof8@buzzfeed.com,5018810380512286,maestro
550,Jervis Di Roberto,jdif9@xing.com,56022546596399905,china-unionpay
551,Alard Strangman,astrangmanfa@google.pl,5010128863763369,mastercard
552,Kayley Tompsett,ktompsettfb@skype.com,5610899765658592,bankcard
553,Arleta McAvinchey,amcavincheyfc@live.com,3547081684659893,jcb
554,Linc McCroary,lmccroaryfd@themeforest.net,,jcb
555,Lucille Andrusov,landrusovfe@weather.com,3541681248126523,jcb
556,Hedda Middell,hmiddellff@ask.com,,jcb
557,Jarrad Alam,jalamfg@blogspot.com,,mastercard
558,Rosaline Rash,rrashfh@sfgate.com,3528235396207929,jcb
559,Biddie Coop,bcoopfi@prlog.org,30063339066179,diners-club-carte-blanche
560,Davy Fulbrook,dfulbrookfj@google.pl,3574657771040893,jcb
561,Urbanus Grishanin,ugrishaninfk@sina.com.cn,,diners-club-carte-blanche
562,Brett Chesterton,bchestertonfl@cocolog-nifty.com,3542594284513687,jcb
563,Carmelina Criag,ccriagfm@usa.gov,6767147045635413,solo
564,Robert Trevarthen,rtrevarthenfn@a8.net,3584356265609952,jcb
565,Tadd Geffinger,tgeffingerfo@reddit.com,3537555511497355,jcb
566,Price Rushworth,prushworthfp@discovery.com,5602239139739481,china-unionpay
567,Monro Fogt,mfogtfq@fastcompany.com,4913973302265984,visa-electron
568,Robyn Edginton,redgintonfr@forbes.com,3587244546264275,jcb
569,Kim Almond,,,bankcard
570,Eamon Hintzer,ehintzerft@nasa.gov,3570209323953019,jcb
571,,vtolchardfu@purevolume.com,3588781030305576,jcb
572,Bronson Maryska,bmaryskafv@creativecommons.org,30159234170064,diners-club-carte-blanche
573,,rmacelhargefw@ihg.com,,jcb
574,Curtice Lempertz,clempertzfx@census.gov,374622550371446,americanexpress
575,Georgia Pittway,gpittwayfy@youtube.com,,jcb
576,Susana Dickey,sdickeyfz@netscape.com,6759207973772180,switch
577,Lorin Crosfield,lcrosfieldg0@reddit.com,5641823453549411,switch
578,Henry Harrow,hharrowg1@gizmodo.com,,solo
579,,dpharog2@jugem.jp,3548062584715935,jcb
580,Tome Rickersey,trickerseyg3@upenn.edu,,mastercard
581,Jenny Besset,jbessetg4@naver.com,3531196951492774,jcb
582,Theresina Fiddian,tfiddiang5@nhs.uk,6759456818743191,maestro
583,Hewe Behne,hbehneg6@digg.com,,maestro
584,Tadio Ion,tiong7@webs.com,5100138582673360,mastercard
585,Onfre Worsham,oworshamg8@cbslocal.com,67594904350489757,maestro
586,Toni Franzettoini,tfranzettoinig9@ftc.gov,3574900141435546,jcb
587,Agnola Wooles,awoolesga@wiley.com,3566707147125777,jcb
588,Vin Gouldthorp,vgouldthorpgb@telegraph.co.uk,3545569934766510,jcb
589,Tiertza Papierz,tpapierzgc@foxnews.com,4911496016077489,switch
590,Mathilde Flintoffe,mflintoffegd@unblog.fr,6375447640978695,instapayment
591,Bridie Fendley,bfendleyge@fc2.com,5018353260017373,maestro
592,Elizabet Butterworth,ebutterworthgf@homestead.com,,jcb
593,Koenraad Martynka,kmartynkagg@cisco.com,3575758450325529,jcb
594,Ivie Bolden,iboldengh@simplemachines.org,3554345436392081,jcb
595,,akubikgi@oaic.gov.au,3559843254146725,jcb
596,,dransongj@ucsd.edu,5183091815441396,mastercard
597,Wilt Sneath,wsneathgk@disqus.com,201786225022889,diners-club-enroute
598,,eranbygl@umn.edu,560225299015948326,china-unionpay
599,Gerri Popeley,,4041373770403,visa
600,Beaufort Heinecke,bheineckegn@biglobe.ne.jp,,visa
601,Marita Heaffey,mheaffeygo@economist.com,3586846226486464,jcb
602,Willamina Lowless,wlowlessgp@huffingtonpost.com,3562799915130927,jcb
603,Lemar Dunckley,ldunckleygq@pinterest.com,,jcb
604,,bceneygr@springer.com,,jcb
605,Monroe Smullin,msmullings@house.gov,3585629843417067,jcb
606,Betty Gainsburgh,bgainsburghgt@google.ru,3548448230916581,jcb
607,Jacobo Garie,jgariegu@t-online.de,3575338293551183,jcb
608,Shir Vlies,svliesgv@is.gd,4508717974351551,visa-electron
609,Charo Haime,chaimegw@mail.ru,3581222896801405,jcb
610,Kermit Feore,kfeoregx@bravesites.com,,switch
611,Doy Grouse,dgrousegy@vkontakte.ru,490369803846503048,switch
612,,nkienleingz@goo.ne.jp,,mastercard
613,Malvina MacAllen,mmacallenh0@abc.net.au,5168149561965478,mastercard
614,Cloris Whyffen,cwhyffenh1@icio.us,4017958761553,visa
615,Rhoda Di Bartolomeo,rdih2@telegraph.co.uk,3561486956573550,jcb
616,,tpedlowh3@webs.com,3558166557904520,jcb
617,,bfishh4@bigcartel.com,6771214677224025,laser
618,Josee Hughf,jhughfh5@ihg.com,201704621282122,diners-club-enroute
619,Keelia Grimwood,kgrimwoodh6@wikia.com,30433023638726,diners-club-carte-blanche
620,,cnurcombeh7@springer.com,5602243273431939,bankcard
621,Truda Itzchaky,titzchakyh8@berkeley.edu,5002355946556946,mastercard
622,Atlante Magenny,amagennyh9@pagesperso-orange.fr,560224106282648888,china-unionpay
623,Hal Tarplee,htarpleeha@furl.net,,jcb
624,Eleanor Burrows,eburrowshb@mapy.cz,4893866462552601,visa
625,Sharity Nower,snowerhc@1688.com,5602211569583333,bankcard
626,Joanne Bernade,jbernadehd@ihg.com,676298851103505834,maestro
627,Marylynne Date,mdatehe@exblog.jp,3540240219568337,jcb
628,,eskewishf@hubpages.com,5251997943322018,mastercard
629,Robena Kilner,rkilnerhg@is.gd,3583723921247686,jcb
630,Hollyanne Squelch,hsquelchhh@rediff.com,3587097416414655,jcb
631,Shirleen Sieghard,ssieghardhi@weather.com,6763139565229846,maestro
632,Harmon Swaine,hswainehj@buzzfeed.com,,jcb
633,Hayley Eakle,heaklehk@cam.ac.uk,3561535848357323,jcb
634,Reinaldo Caukill,rcaukillhl@dot.gov,,jcb
635,Adamo O Corrane,aocorranehm@china.com.cn,3568521484803765,jcb
636,Gloriana Scholz,gscholzhn@gnu.org,3569511123795901,jcb
637,Lincoln McConnell,lmcconnellho@nydailynews.com,6331105106729647,switch
638,Lionel Malzard,lmalzardhp@g.co,5156491098443866,mastercard
639,Daphne Sallan,dsallanhq@toplist.cz,4017954981058390,visa
640,,blitzmannhr@businessinsider.com,5010126629202557,mastercard
641,Aube MacGeaney,amacgeaneyhs@arstechnica.com,3563635241879044,jcb
642,,hassenderht@people.com.cn,6377129202880620,instapayment
643,Warner Topaz,wtopazhu@businessweek.com,,mastercard
644,Cort Heavy,cheavyhv@prlog.org,3588947518308578,jcb
645,Jacquenette Bakesef,jbakesefhw@tmall.com,5100139365315872,mastercard
646,,lbeisleyhx@flavors.me,,jcb
647,Erhart Binne,ebinnehy@toplist.cz,,visa-electron
648,Harlin Monckton,hmoncktonhz@bbc.co.uk,5108750664870508,mastercard
649,,gverbruggheni0@mashable.com,5038973965765927316,maestro
650,Dolli Morrott,dmorrotti1@stumbleupon.com,3567515184757504,jcb
651,Cale Metson,cmetsoni2@loc.gov,373741406357887,americanexpress
652,Trumaine Pedro,tpedroi3@vimeo.com,374283711986398,americanexpress
653,Fawne Rebert,,3554503413880052,jcb
654,Candie Tisun,ctisuni5@businessinsider.com,5602254456395015,bankcard
655,Peter Youthed,pyouthedi6@senate.gov,3554132920718710,jcb
656,Shela Knapton,sknaptoni7@shareasale.com,,instapayment
657,Renae Paoletto,rpaolettoi8@quantcast.com,,diners-club-enroute
658,Mickie Gimeno,mgimenoi9@latimes.com,5602213244649984,bankcard
659,Margareta Wolland,mwollandia@accuweather.com,,americanexpress
660,Cymbre Ponder,cponderib@furl.net,5048377797844888,mastercard
661,Templeton Redsell,tredsellic@shop-pro.jp,4905700426471154340,switch
662,Jessie Braidon,jbraidonid@last.fm,3528027311139315,jcb
663,Henri Parton,hpartonie@economist.com,3575096871434293,jcb
664,,bbonnavantif@bing.com,4936271523784021,switch
665,Carolus Cagan,ccaganig@reddit.com,4041372524363,visa
666,Gui Kellett,,5116244913473496,mastercard
667,Vinson Walder,vwalderii@mysql.com,,jcb
668,,zmurtyij@ucoz.com,372301474750470,americanexpress
669,Maje Vann,mvannik@rediff.com,56109592493584682,china-unionpay
670,,rsammeil@reddit.com,560225647587124108,china-unionpay
671,Elnar Wormleighton,ewormleightonim@oracle.com,3558562198704438,jcb
672,Thacher Souza,tsouzain@techcrunch.com,337941786707249,americanexpress
673,Zandra Leggin,zlegginio@51.la,4903642500780811760,switch
674,Alair Goggins,agogginsip@ehow.com,5602236196117833,bankcard
675,Josefa Fernao,jfernaoiq@quantcast.com,56022205471818170,china-unionpay
676,Chloe Burndred,cburndredir@hud.gov,5893990306200735,maestro
677,Celestine Troake,ctroakeis@bandcamp.com,341855121913169,americanexpress
678,Xerxes Schirach,xschirachit@state.gov,5549276720064925,diners-club-us-ca
679,Tristan Sibylla,tsibyllaiu@nps.gov,,jcb
680,Reinaldo Jizhaki,rjizhakiiv@icq.com,5602219543358888,bankcard
681,Mag Lowater,mlowateriw@networksolutions.com,,solo
682,Georgeta Featherby,gfeatherbyix@senate.gov,,jcb
683,Morgen Peltz,mpeltziy@oaic.gov.au,,diners-club-enroute
684,,tghironiz@arizona.edu,3559106626566065,jcb
685,Bria Goodlud,bgoodludj0@gov.uk,3535013412987431,jcb
686,,igerlingj1@pbs.org,,solo
687,Joli Biesinger,jbiesingerj2@imageshack.us,560221681471374036,china-unionpay
688,Bill Acock,bacockj3@pen.io,,jcb
689,Ardys Harty,ahartyj4@shop-pro.jp,3551882317949657,jcb
690,,nwarmingtonj5@ask.com,5610627395897888,bankcard
691,Dee Rosenstock,drosenstockj6@wordpress.com,376785204312385,americanexpress
692,Jeana Lanigan,jlaniganj7@youtube.com,,diners-club-carte-blanche
693,Arliene Cauldwell,acauldwellj8@timesonline.co.uk,30302389687991,diners-club-carte-blanche
694,Sena McCarney,smccarneyj9@indiegogo.com,,bankcard
695,Jenica de Clerc,jdeja@imageshack.us,560224066241234032,china-unionpay
696,Marleah Bardill,,,visa-electron
697,,eshenleyjc@boston.com,561068655867595002,china-unionpay
698,,lpaulmannjd@economist.com,5010123601660654,mastercard
699,Rollie Borg,rborgje@sogou.com,3555399058612051,jcb
700,,rpedrickjf@blinklist.com,201999372415323,diners-club-enroute
701,Juan Prinett,jprinettjg@altervista.org,,maestro
702,Jennica Poppleston,jpopplestonjh@cnn.com,3536453738476843,jcb
703,Danit Hannabuss,dhannabussji@diigo.com,,visa-electron
704,Des Kynaston,dkynastonjj@mac.com,,jcb
705,Riva Blench,rblenchjk@photobucket.com,3537554268181502,jcb
706,Aristotle Jesper,ajesperjl@github.com,3569346505841316,jcb
707,Ogdan Valasek,ovalasekjm@tumblr.com,,jcb
708,Bertine Debnam,bdebnamjn@indiatimes.com,67061343628553439,laser
709,Kahlil MacTimpany,kmactimpanyjo@prnewswire.com,,switch
710,,cbickelljp@sitemeter.com,3563950716597363,jcb
711,,nairdriejq@europa.eu,56022349080777276,china-unionpay
712,Tabbitha Aaronson,taaronsonjr@opera.com,3567471224212920,jcb
713,Jamie Fesby,jfesbyjs@tuttocitta.it,676371919990341447,maestro
714,,gackrilljt@fema.gov,,diners-club-us-ca
715,Trenton Cobden,tcobdenju@joomla.org,201883812193924,diners-club-enroute
716,Montgomery Charrisson,mcharrissonjv@google.pl,,jcb
717,Ches Camelia,ccameliajw@guardian.co.uk,3533915487621483,jcb
718,Dilly Petroff,dpetroffjx@taobao.com,5038732658610012,maestro
719,,pkemwaljy@live.com,30066611348850,diners-club-carte-blanche
720,Leonanie Hancock,lhancockjz@barnesandnoble.com,,americanexpress
721,Aggy Darwent,adarwentk0@ucla.edu,,americanexpress
722,,tearwakerk1@macromedia.com,3537855265379167,jcb
723,Paolo Ure,purek2@printfriendly.com,5602227489712455,bankcard
724,Bathsheba Shrubsall,bshrubsallk3@deviantart.com,3566244916639218,jcb
725,Theressa Cridge,tcridgek4@photobucket.com,63045335750018884,maestro
726,Gerhardt Pedersen,gpedersenk5@elegantthemes.com,6759591407906872,switch
727,Sher Scrowston,sscrowstonk6@ovh.net,3587843188630790,jcb
728,Kalie Sapey,ksapeyk7@pinterest.com,5020899825127719794,maestro
729,Martie Haccleton,mhaccletonk8@lulu.com,5392218494594321,mastercard
730,Burton Baldam,,372301181480221,americanexpress
731,Rubina Conry,rconryka@nifty.com,3571848192020076,jcb
732,Mari Barriball,mbarriballkb@mac.com,201863354045781,diners-club-enroute
733,Lou Moreton,lmoretonkc@microsoft.com,6771143256744121,laser
734,,ccoursorkd@youtu.be,3550098686041775,jcb
735,Helaine Greeno,hgreenoke@weibo.com,,switch
736,Nilson Oakland,noaklandkf@netvibes.com,56022442368548442,china-unionpay
737,,rakermankg@npr.org,3542290489675641,jcb
738,Tod Renvoise,trenvoisekh@digg.com,3538932011501607,jcb
739,,vosgordbyki@quantcast.com,4903937985380733130,switch
740,Betta Swetenham,bswetenhamkj@biglobe.ne.jp,6759204347334888,maestro
741,Annabela Oulet,aouletkk@ucsd.edu,,jcb
742,Clayton Haldene,chaldenekl@mail.ru,3562366001800027,jcb
743,Omero Medmore,omedmorekm@time.com,,diners-club-enroute
744,Janessa Wands,jwandskn@imdb.com,3540817988686422,jcb
745,Brant Tailby,btailbyko@nyu.edu,3556747493164683,jcb
746,Vin Peile,vpeilekp@guardian.co.uk,560224525793537787,china-unionpay
747,Carny Gittus,cgittuskq@purevolume.com,560224455770779758,china-unionpay
748,Conney Washington,cwashingtonkr@theglobeandmail.com,3544904336792155,jcb
749,,,,jcb
750,Thedrick Betke,tbetkekt@nationalgeographic.com,30424719821585,diners-club-carte-blanche
751,Mayer Gray,mgrayku@infoseek.co.jp,370471681103920,americanexpress
752,,vmctrustriekv@pagesperso-orange.fr,3588290696992016,jcb
753,Debbie Chesshyre,dchesshyrekw@blogs.com,3548903503037101,jcb
754,Parrnell Claesens,pclaesenskx@moonfruit.com,3529951296067200,jcb
755,,nonolandky@earthlink.net,,jcb
756,Brennan Willcox,bwillcoxkz@google.ru,5893869862470499647,maestro
757,,gspenleyl0@washington.edu,4913732561496130,visa-electron
758,Christan Mewhirter,cmewhirterl1@cdc.gov,,jcb
759,,plandsboroughl2@eventbrite.com,3589965577883686,jcb
760,Ashley Measures,ameasuresl3@moonfruit.com,,jcb
761,Barney Timmens,btimmensl4@google.ru,5602230198611000,bankcard
762,Suki McMurthy,smcmurthyl5@tripod.com,30401061335232,diners-club-carte-blanche
763,Salvador Goucher,sgoucherl6@java.com,5100148218105463,mastercard
764,Elbertine Lomax,elomaxl7@diigo.com,3572431873177272,jcb
765,Cris McPeice,cmcpeicel8@moonfruit.com,67625532449500418,maestro
766,Berni Shillam,bshillaml9@github.io,30591813178581,diners-club-carte-blanche
767,Seward Avrahm,savrahmla@blogspot.com,560223202084965603,china-unionpay
768,,jitzkovwichlb@cnet.com,3561251952923633,jcb
769,,ebochlc@latimes.com,201409768982225,diners-club-enroute
770,Melesa Stead,,3535807722835788,jcb
771,Wally Ind,windle@ed.gov,3532102406613542,jcb
772,,kbowermanlf@tinyurl.com,5602258315891536,bankcard
773,Dolf Guiver,dguiverlg@arstechnica.com,3573669104201432,jcb
774,,mshalloolh@china.com.cn,6304486793249260,maestro
775,Hildagard Lack,hlackli@furl.net,30084457730313,diners-club-carte-blanche
776,Basil Chinnock,bchinnocklj@springer.com,372301505846354,americanexpress
777,Rog Simkins,rsimkinslk@state.gov,3555836230116113,jcb
778,Colin Urch,curchll@imageshack.us,4936045743710259,switch
779,Berty Marcroft,bmarcroftlm@prnewswire.com,,visa
780,Pepillo Fritz,pfritzln@google.com.br,3581584630213373,jcb
781,Con Epple,cepplelo@umich.edu,3549866173557550,jcb
782,Norah Daniell,ndanielllp@tamu.edu,3578088279265053,jcb
783,Marlo Boustead,mbousteadlq@who.int,5602247784730218,bankcard
784,Sheryl Licciardiello,slicciardiellolr@1und1.de,3540066834680466,jcb
785,Tedmund Lauritsen,tlauritsenls@jimdo.com,,jcb
786,Min O  Hogan,molt@nsw.gov.au,30448038266107,diners-club-carte-blanche
787,Conni Utteridge,cutteridgelu@i2i.jp,633110795528586043,switch
788,Olivette Tonsley,otonsleylv@umn.edu,,jcb
789,Forrest Markwick,fmarkwicklw@opera.com,060454086973037439,maestro
790,Henri Bickley,hbickleylx@google.cn,4508368221907678,visa-electron
791,Klaus Deveril,kdeverilly@goo.ne.jp,3566882727125610,jcb
792,Dag Mennithorp,dmennithorplz@sphinn.com,30568235898020,diners-club-carte-blanche
793,Adey Crosier,acrosierm0@friendfeed.com,3553856461848194,jcb
794,Koren Malenfant,kmalenfantm1@boston.com,5002354511935429,mastercard
795,,hshasnanm2@google.com.hk,5108758328227494,mastercard
796,Felizio Mussington,fmussingtonm3@tmall.com,676757693886418502,solo
797,Oran Ellam,oellamm4@abc.net.au,5018255628737180,maestro
798,Brandyn Sowrey,bsowreym5@economist.com,561074007799350951,china-unionpay
799,Dayle Eltone,deltonem6@purevolume.com,374622242867207,americanexpress
800,Prentiss Lowy,plowym7@unc.edu,3537720468796981,jcb
801,Stevy Oxbrough,soxbroughm8@cam.ac.uk,3540365060638960,jcb
802,Rhett Kegley,rkegleym9@buzzfeed.com,3545820400178015,jcb
803,,vdohmannma@sphinn.com,3534280154589219,jcb
804,Mariele Minster,mminstermb@sciencedaily.com,,jcb
805,Philip Sherry,psherrymc@boston.com,5461517666455278,diners-club-us-ca
806,Norma Elion,nelionmd@list-manage.com,3565829587950596,jcb
807,Clarissa Downton,cdowntonme@smh.com.au,,switch
808,Cahra O Longain,colongainmf@bandcamp.com,372301159352949,americanexpress
809,,cblandenmg@ustream.tv,,switch
810,Laraine Zmitruk,lzmitrukmh@geocities.jp,3560642683248566,jcb
811,Binny Hiddersley,bhiddersleymi@histats.com,6388936517957050,instapayment
812,,,374288086798229,americanexpress
813,Antonietta Jerrems,ajerremsmk@newsvine.com,5602249043928502011,china-unionpay
814,Matthias Egdal,megdalml@ocn.ne.jp,,jcb
815,,amcritchiemm@umich.edu,337941421890814,americanexpress
816,,acastellmn@booking.com,5048371245958028,mastercard
817,Theodora Thompstone,tthompstonemo@mit.edu,5100147619692764,mastercard
818,Yvor Wortley,ywortleymp@acquirethisname.com,,jcb
819,Shanda Bautiste,sbautistemq@independent.co.uk,3575483504811388,jcb
820,Adriane Arkell,aarkellmr@nytimes.com,30179671108955,diners-club-carte-blanche
821,Derby Kroch,dkrochms@slate.com,564182098703637727,switch
822,Sauncho Skeats,sskeatsmt@amazon.co.jp,,mastercard
823,Kaine Winpenny,kwinpennymu@360.cn,4844914992159263,visa-electron
824,Ingeborg Daulby,idaulbymv@theatlantic.com,3552844107568310,jcb
825,Carole Feldhorn,cfeldhornmw@google.co.jp,6372963015534494,instapayment
826,Boycie Mealham,bmealhammx@smugmug.com,5038902757224029,maestro
827,Brynn Jerrom,bjerrommy@bloglovin.com,3528288914491178,jcb
828,,rhonschmz@constantcontact.com,6771628840617176616,laser
829,,ftidcomben0@discovery.com,,jcb
830,Chrissie Griston,cgristonn1@jimdo.com,30332476175915,diners-club-carte-blanche
831,Jacquette Momford,jmomfordn2@phoca.cz,340418677311949,americanexpress
832,Harris Swayland,,6763913506366549,maestro
833,Dawna Haberjam,dhaberjamn4@studiopress.com,670904631527147663,laser
834,Ward Gladding,wgladdingn5@cdbaby.com,63047552962409226,laser
835,Taddeusz Cheal,tchealn6@samsung.com,589336297848765664,maestro
836,Temple Fawdry,tfawdryn7@samsung.com,3554953438587960,jcb
837,Ev Woodman,ewoodmann8@ifeng.com,5602211161923986,china-unionpay
838,Isobel Jamison,ijamisonn9@discovery.com,5602255911167231123,china-unionpay
839,Merridie Tebbutt,mtebbuttna@nationalgeographic.com,3534365725070466,jcb
840,Broddy Bagot,bbagotnb@fda.gov,30298380732804,diners-club-carte-blanche
841,Devi Bee,dbeenc@time.com,5610445739354957,bankcard
842,Donnell Iacoviello,diacoviellond@cbslocal.com,30456467325104,diners-club-carte-blanche
843,Constantine Amer,camerne@twitpic.com,,jcb
844,Christabella Crocetti,ccrocettinf@usa.gov,3585106121501078,jcb
845,Sherline Stanton,sstantonng@desdev.cn,,switch
846,Deva Phipard-Shears,dphipardshearsnh@usda.gov,3543843025539694,jcb
847,Natassia Scanes,nscanesni@umn.edu,374288288972531,americanexpress
848,Marley Edden,meddennj@japanpost.jp,5108758096872448,mastercard
849,Padraic Whitmarsh,pwhitmarshnk@ucla.edu,374288757332688,americanexpress
850,Leontine Tebald,ltebaldnl@tripadvisor.com,,jcb
851,Sebastian Cunney,scunneynm@businessinsider.com,67716487341659434,laser
852,,hmaseynn@360.cn,201768602849944,diners-club-enroute
853,Odetta Devonish,odevonishno@furl.net,3557214959509520,jcb
854,,nvanderveldtnp@webmd.com,374622895289519,americanexpress
855,Merrick Enrique,menriquenq@nature.com,,jcb
856,,jmausnr@bloglines.com,4405208870764679,visa-electron
857,Alyse Burth,aburthns@blinklist.com,,jcb
858,Amerigo Braybrooke,abraybrookent@51.la,,china-unionpay
859,,ttaftnu@google.com.hk,30482975261276,diners-club-carte-blanche
860,Sibella Inold,sinoldnv@nydailynews.com,,jcb
861,Sander Schultes,sschultesnw@dell.com,3536591313772613,jcb
862,,weslingernx@digg.com,3578473193919920,jcb
863,Mickie Ungerer,mungererny@fema.gov,5100148828089206,mastercard
864,Welsh Causley,wcausleynz@wordpress.org,374283116600479,americanexpress
865,Lauri Bum,,5010126825399215,mastercard
866,Orlando Waskett,owasketto1@spotify.com,3586217922366923,jcb
867,Crosby Meert,cmeerto2@slideshare.net,3581246195713219,jcb
868,Willetta Lambol,wlambolo3@zdnet.com,,mastercard
869,Yves MacDonagh,ymacdonagho4@salon.com,3584458800458976,jcb
870,Vite Aidler,vaidlero5@wp.com,5610959395500596,bankcard
871,Ricard Sealove,rsealoveo6@java.com,3589940174779074,jcb
872,Davide Dockree,ddockreeo7@digg.com,6759874198044637668,switch
873,,fehrato8@apple.com,5610254043293426,bankcard
874,Reeva Calderwood,rcalderwoodo9@cpanel.net,5048378738859852,mastercard
875,Jelene Libreros,jlibrerosoa@w3.org,,visa-electron
876,Ernest Fernez,efernezob@howstuffworks.com,5602223121727985,china-unionpay
877,,cphelipeauxoc@sciencedaily.com,3546402004750181,jcb
878,Phyllys Gouda,pgoudaod@mysql.com,4041372459849960,visa
879,Pearce Saice,psaiceoe@netvibes.com,5602234110097492477,china-unionpay
880,Fred Tebbe,ftebbeof@sitemeter.com,4844806724053733,visa-electron
881,,mhaniganog@jigsy.com,6759121088481712,switch
882,,jtegelleroh@fema.gov,5602252327287692,bankcard
883,Bren Leborgne,bleborgneoi@ucoz.ru,676763105376406741,solo
884,Randa Bareford,rbarefordoj@statcounter.com,,jcb
885,Woodman Wakely,wwakelyok@istockphoto.com,4508875050601354,visa-electron
886,,,,china-unionpay
887,,ktaffieom@canalblog.com,5100144218033342,mastercard
888,,tissardon@patch.com,3555214575403860,jcb
889,Seth Sheber,ssheberoo@is.gd,30534815348729,diners-club-carte-blanche
890,Barnie Caldeiro,bcaldeiroop@prlog.org,30360772343226,diners-club-carte-blanche
891,,jwemmoq@reddit.com,,mastercard
892,Chrotoem Tallach,ctallachor@lulu.com,630429822169311671,maestro
893,Rudy Autin,rautinos@odnoklassniki.ru,3559514893846641,jcb
894,Pen Clemence,pclemenceot@free.fr,5518518511777901,mastercard
895,Leonid Rowatt,lrowattou@hhs.gov,4041591716014,visa
896,Zitella Chaney,zchaneyov@google.cn,58937021605266479,maestro
897,Haskell Mathan,,0604424233753159072,maestro
898,Glyn Jimenez,gjimenezox@g.co,4844117605184120,visa-electron
899,Rochella Danne,rdanneoy@paginegialle.it,3536838239976343,jcb
900,Chic Maywood,cmaywoodoz@bing.com,377542026223491,americanexpress
901,Kearney Elnough,kelnoughp0@privacy.gov.au,630413360966387964,laser
902,Pattin Embleton,pembletonp1@youtube.com,3583584941788855,jcb
903,Bobinette Tailby,btailbyp2@comcast.net,36206580372721,diners-club-international
904,Moss Van Oort,mvanp3@technorati.com,3588966962388159,jcb
905,,cgravellsp4@w3.org,337941972596786,americanexpress
906,Sayre Fellgett,sfellgettp5@wordpress.com,676364003679381229,maestro
907,Phylys Mulvin,pmulvinp6@sciencedirect.com,3549109655098458,jcb
908,Elysha Oppery,eopperyp7@home.pl,4917299456835893,visa-electron
909,Evin D Ambrosio,edambrosiop8@amazonaws.com,6759803069093108651,switch
910,Angelika Rillatt,arillattp9@pinterest.com,30148055254537,diners-club-carte-blanche
911,Agnella Boyne,aboynepa@4shared.com,5602211427864131,bankcard
912,Sidonnie Ney,sneypb@hugedomains.com,4026113137995380,visa-electron
913,Leah Kneath,lkneathpc@omniture.com,,jcb
914,Tommie Abberley,tabberleypd@booking.com,6762582272062730,maestro
915,Isahella Espinos,iespinospe@msn.com,,jcb
916,Barb Coddington,bcoddingtonpf@google.com.hk,6334355766701919882,solo
917,Faina Gullen,fgullenpg@friendfeed.com,,bankcard
918,Trix Greengrass,tgreengrassph@skyrock.com,,jcb
919,Lavina Tewkesbury,ltewkesburypi@harvard.edu,3546021728647885,jcb
920,Jareb Tomaszynski,jtomaszynskipj@people.com.cn,6380295165012793,instapayment
921,,bgerrelspk@craigslist.org,3558948706041381,jcb
922,Dean Brydell,dbrydellpl@businessinsider.com,3580118502886940,jcb
923,,jquiddingtonpm@hostgator.com,676363153254626927,maestro
924,Oona Lackinton,olackintonpn@miibeian.gov.cn,3571081581625327,jcb
925,Laraine Kibbey,lkibbeypo@google.ru,3586397070065129,jcb
926,Darya Grainger,dgraingerpp@gmpg.org,6331105735167387073,switch
927,,lbythellpq@live.com,,jcb
928,Daron Whitaker,dwhitakerpr@dagondesign.com,3553059194422490,jcb
929,Rikki Kaye,rkayeps@slashdot.org,3538953852203756,jcb
930,Brigg Cottingham,bcottinghampt@time.com,,jcb
931,Pall Mackstead,pmacksteadpu@51.la,3569869792490513,jcb
932,Ermin Prestige,eprestigepv@vinaora.com,,jcb
933,Benedicto Bleier,bbleierpw@cbslocal.com,370917990544667,americanexpress
934,Isac Snugg,isnuggpx@mayoclinic.com,3586728273154825,jcb
935,,mnairnspy@washington.edu,3570177587975434,jcb
936,Finley Bearn,fbearnpz@php.net,30378680462581,diners-club-carte-blanche
937,Bevan Ravilious,braviliousq0@nps.gov,,jcb
938,,epounsettq1@bizjournals.com,3539331030528270,jcb
939,Allene Lazarus,alazarusq2@theatlantic.com,6759023948430485,maestro
940,Elizabet Trueman,etruemanq3@ustream.tv,,jcb
941,,tbrieretonq4@clickbank.net,5602234194746400602,china-unionpay
942,Marya McGall,mmcgallq5@yahoo.com,4041598737344,visa
943,Heath Tamburo,htamburoq6@hexun.com,6759619926903631,maestro
944,Elbert Shrimpling,eshrimplingq7@apache.org,50184577386382865,maestro
945,Briana Squeers,bsqueersq8@latimes.com,374622275247061,americanexpress
946,Yale Wollacott,,,jcb
947,Kirbee Tew,ktewqa@seattletimes.com,4041592823831580,visa
948,Godiva Varns,gvarnsqb@nyu.edu,3568644886696387,jcb
949,,gfockesqc@skyrock.com,,maestro
950,Ashlin Clilverd,aclilverdqd@usgs.gov,3543599431872166,jcb
951,Carita Duran,cduranqe@dion.ne.jp,5351868751080965,mastercard
952,,jfinnimoreqf@bandcamp.com,5610388525215265,china-unionpay
953,Emmy Titterell,etitterellqg@columbia.edu,560225814089784272,china-unionpay
954,Afton Hatterslay,ahatterslayqh@bizjournals.com,3547879728354391,jcb
955,Nariko Martschik,nmartschikqi@posterous.com,6333415973695989547,switch
956,Kenton Andreou,kandreouqj@techcrunch.com,0604121464326465,maestro
957,Collette Jelf,cjelfqk@sfgate.com,5559378476194844,mastercard
958,Roseann Storrar,rstorrarql@vimeo.com,,visa-electron
959,Carmelia Castiblanco,ccastiblancoqm@home.pl,,jcb
960,Lorne Nicholas,lnicholasqn@ow.ly,3573645064821799,jcb
961,Penelopa Jakubovits,pjakubovitsqo@bravesites.com,5048372224797643,mastercard
962,Timotheus Lipmann,tlipmannqp@statcounter.com,30275493229944,diners-club-carte-blanche
963,Perl Boyd,pboydqq@google.es,3541728914576992,jcb
964,Chelsea Pucker,cpuckerqr@samsung.com,,switch
965,,bmcgaugheyqs@ted.com,56022318659858049,china-unionpay
966,Farris Smallpeice,fsmallpeiceqt@washington.edu,3534963748487764,jcb
967,Cornelius Gaskall,cgaskallqu@nhs.uk,3534881907575700,jcb
968,Pieter Niesel,pnieselqv@springer.com,,jcb
969,Dominique Geistmann,dgeistmannqw@abc.net.au,5403405244489889,diners-club-us-ca
970,Starla Elrick,selrickqx@shinystat.com,5602239772674532,china-unionpay
971,Angelia Hudel,ahudelqy@auda.org.au,,diners-club-international
972,Les Amthor,lamthorqz@java.com,56022223583963768,china-unionpay
973,Anthia Darnbrough,adarnbroughr0@unc.edu,3545821539152509,jcb
974,Selie Cowely,scowelyr1@reddit.com,5020717167610959,maestro
975,Zebadiah Louisot,zlouisotr2@cnn.com,5010128379354109,mastercard
976,Bendite Brunroth,bbrunrothr3@yahoo.co.jp,,instapayment
977,,msinghr4@shareasale.com,3539891198645539,jcb
978,Liz Younghusband,lyounghusbandr5@oracle.com,,jcb
979,Bradney L Episcopi,blepiscopir6@vinaora.com,,maestro
980,Marylin Pescott,mpescottr7@indiegogo.com,,instapayment
981,Dorothea Poyner,dpoynerr8@prnewswire.com,6334763944733715281,solo
982,Alisha Claxson,aclaxsonr9@xinhuanet.com,3581520396650275,jcb
983,Lanni Maskall,lmaskallra@wikimedia.org,6763604879274440,maestro
984,Harwell Haggerwood,hhaggerwoodrb@telegraph.co.uk,6389344082878091,instapayment
985,Shel Humberston,shumberstonrc@dedecms.com,,diners-club-enroute
986,Thadeus Siddens,tsiddensrd@nationalgeographic.com,,visa
987,Lizabeth Laherty,llahertyre@reference.com,3528435939902966,jcb
988,Manda Toombes,mtoombesrf@ftc.gov,36429514061430,diners-club-international
989,Roxanne Edmenson,redmensonrg@youtube.com,67715952178026438,laser
990,Ewan Harkes,eharkesrh@ow.ly,5007662958645284,mastercard
991,Forrest Knagges,fknaggesri@bandcamp.com,3574892991393380,jcb
992,Glory Fronsek,gfronsekrj@blogger.com,5610664430477214107,china-unionpay
993,,mpratterk@miibeian.gov.cn,3553201758978182,jcb
994,Rhetta Danbury,rdanburyrl@goo.gl,5602259375508853,bankcard
995,Kippar Sinott,ksinottrm@sina.com.cn,3536803317503054,jcb
996,Kirsten Catford,kcatfordrn@sphinn.com,3531801497802838,jcb
997,Marlin Darley,mdarleyro@imageshack.us,,jcb
998,Cassy Harriot,charriotrp@netlog.com,4175001305539222,visa-electron
999,Sherwood Mathevon,smathevonrq@phoca.cz,4905585982366559,switch
1000,Bertina Bellerby,bbellerbyrr@photobucket.com,,diners-club-enroute
